,height,wingspan,waist-cir,chest-cir
0,0.5261417329311371,0.6313597559928894,0.2670793471650848,0.28645266552966436
