height,wingspan,waist-cir,chest-cir
0.5261844992637634,0.6313597559928894,0.26722405674246047,0.28687472506570033
